NumNodes,NumEdges,GN_Time,GN_Memory,GN_Modularity,GN_Final_Communities,LV_Time,LV_Memory,LV_Modularity,LV_Final_Communities,BVNS_Time,BVNS_Memory,BVNS_Modularity,BVNS_Final_Communities
34,78,0.33269619941711426,37044224,0.3849721706864564,"[{0, 1, 3, 7, 11, 12, 13, 17, 19, 21}, {2, 24, 25, 27, 28, 31}, {4, 5, 6, 10, 16}, {32, 33, 8, 14, 15, 18, 20, 22, 23, 26, 29, 30}, {9}]",0.032182931900024414,737280,0.4345214669889994,"[{4, 5, 6, 10, 16}, {0, 1, 2, 3, 7, 11, 12, 13, 17, 19, 21}, {32, 33, 8, 9, 14, 15, 18, 20, 22, 23, 24, 25, 26, 27, 28, 29, 30, 31}]",14.818824052810669,147456,0.431129476584022,"[[6, 16, 5, 10, 4], [18, 29, 33, 22, 26, 15, 32, 14, 23, 20, 27, 9], [2, 13, 0, 7, 1, 21, 3, 12, 19, 17, 11], [28, 31, 25, 24], [8, 30]]"
