NumNodes,NumEdges,GN_Time,GN_Memory,GN_Modularity,GN_Final_Communities,LV_Time,LV_Memory,LV_Modularity,LV_Final_Communities,BVNS_Time,BVNS_Memory,BVNS_Modularity,BVNS_Final_Communities
34,78,0.27318406105041504,36208640,0.3849721706864564,"[{0, 1, 3, 7, 11, 12, 13, 17, 19, 21}, {2, 24, 25, 27, 28, 31}, {4, 5, 6, 10, 16}, {32, 33, 8, 14, 15, 18, 20, 22, 23, 26, 29, 30}, {9}]",0.03100109100341797,32768,0.4345214669889994,"[{4, 5, 6, 10, 16}, {0, 1, 2, 3, 7, 11, 12, 13, 17, 19, 21}, {32, 33, 8, 9, 14, 15, 18, 20, 22, 23, 24, 25, 26, 27, 28, 29, 30, 31}]",13.167580366134644,212992,0.44490358126721763,"[[3, 1, 7, 2, 13, 0, 21, 19, 11, 12, 17], [22, 8, 29, 32, 30, 26, 33, 15, 14, 18, 20, 9], [16, 5, 6, 10, 4], [25, 23, 24, 31, 27, 28]]"
