NumNodes,NumEdges,GN_Time,GN_Memory,GN_Modularity,GN_Final_Communities,LV_Time,LV_Memory,LV_Modularity,LV_Final_Communities,BVNS_Time,BVNS_Memory,BVNS_Modularity,BVNS_Final_Communities
34,78,1.541306972503662,29015487,0.3849721706864564,"[{0, 1, 3, 7, 11, 12, 13, 17, 19, 21}, {2, 24, 25, 27, 28, 31}, {4, 5, 6, 10, 16}, {32, 33, 8, 14, 15, 18, 20, 22, 23, 26, 29, 30}, {9}]",0.13102102279663086,69950,0.4345214669889994,"[{4, 5, 6, 10, 16}, {0, 1, 2, 3, 7, 11, 12, 13, 17, 19, 21}, {32, 33, 8, 9, 14, 15, 18, 20, 22, 23, 24, 25, 26, 27, 28, 29, 30, 31}]",14.197159767150879,404946,0.4234553325462416,"[[6, 5, 16, 4, 10, 28], [25, 31, 24, 23, 27], [30, 15, 14, 33, 8, 32, 22, 20, 18], [29, 26], [13, 1, 2, 3, 7, 12, 19, 0, 21, 11, 17], [9]]"
