NumNodes,NumEdges,GN_Time,GN_Memory,GN_Modularity,GN_Final_Communities,LV_Time,LV_Memory,LV_Modularity,LV_Final_Communities,BVNS_Time,BVNS_Memory,BVNS_Modularity,BVNS_Final_Communities
34,78,0.2709462642669678,37175296,0.3849721706864564,"[{0, 1, 3, 7, 11, 12, 13, 17, 19, 21}, {2, 24, 25, 27, 28, 31}, {4, 5, 6, 10, 16}, {32, 33, 8, 14, 15, 18, 20, 22, 23, 26, 29, 30}, {9}]",0.031096935272216797,49152,0.4345214669889994,"[{4, 5, 6, 10, 16}, {0, 1, 2, 3, 7, 11, 12, 13, 17, 19, 21}, {32, 33, 8, 9, 14, 15, 18, 20, 22, 23, 24, 25, 26, 27, 28, 29, 30, 31}]",15.20219874382019,131072,0.43537414965986393,"[[2, 3, 7, 1, 13, 0, 11, 12, 21, 19, 17], [6, 5, 10, 16, 4], [22, 30, 32, 33, 8, 15, 14, 20, 18, 9], [25, 31, 24, 28, 27, 23], [26, 29]]"
