NumNodes,NumEdges,GN_Time,GN_Memory,GN_Modularity,GN_Final_Communities,LV_Time,LV_Memory,LV_Modularity,LV_Final_Communities,BVNS_Time,BVNS_Memory,BVNS_Modularity,BVNS_Final_Communities
34,78,0.2729959487915039,37765120,0.3849721706864564,"[{0, 1, 3, 7, 11, 12, 13, 17, 19, 21}, {2, 24, 25, 27, 28, 31}, {4, 5, 6, 10, 16}, {32, 33, 8, 14, 15, 18, 20, 22, 23, 26, 29, 30}, {9}]",,,,,4.239583253860474,131072,0.44490358126721763,"[[5, 6, 16, 10, 4], [24, 31, 25, 27, 23, 28], [13, 2, 3, 1, 7, 0, 21, 19, 12, 17, 11], [14, 30, 8, 18, 15, 22, 32, 20, 29, 26, 33, 9]]"
